ranierivalenca*|*|*ranierivalenca@gmail.com*|*|*39d1a83e46814fcfeb649b058704b42d*|*|*Ranieri
ranieri*|*|*ranieri@gmail.com*|*|*39d1a83e46814fcfeb649b058704b42d*|*|*ranieri
123*|*|*123@1.com*|*|*1234*|*|*40bd001563085fc35165329ea1ff5c5ecbdbbeef
reni*|*|*renissonx@gmail.com*|*|*Renisson Silva*|*|*40bd001563085fc35165329ea1ff5c5ecbdbbeef
reni*|*|*reni@teste.com*|*|*renisson*|*|*7110eda4d09e062aa5e4a390b0a572ac0d2c0220
1*|*|*1@1.com*|*|*1*|*|*356a192b7913b04c54574d18c28d46e6395428ab
2*|*|*2@2.com*|*|*2*|*|*da4b9237bacccdf19c0760cab7aec4a8359010b0*|*|**|*|*111111111111111111111111
3*|*|*3@3.com*|*|*3*|*|*77de68daecd823babbb58edb1c8e14d7106e83bb*|*|*3333-03-31*|*|*3333333333333333
Renisson*|*|*reni@gmail.com*|*|*reni*|*|*40bd001563085fc35165329ea1ff5c5ecbdbbeef*|*|*1995-07-20*|*|*81996799999
1*|*|*1@1.com*|*|*1*|*|*356a192b7913b04c54574d18c28d46e6395428ab*|*|*2020-05-30*|*|*11111111111111111111111111
222*|*|*22@g.com*|*|*222*|*|*1c6637a8f2e1f75e06ff9984894d6bd16a3a36a9*|*|*2019-02-14*|*|*2
